discount,discounted_price,name,original_price,product_id,product_info,product_url,total_reviews
36,36.99,Rivet Long Sleeve Drawstring Hoodie,58.07,8172475,Clothes Type:Hoodie;Occasion:Daily;Style:Fashion;Fit Type:Regular;Sleeve Length:Full;Material:Polyester;Thickness:Regular;Patterns:Solid;Season:Fall;Weight:0.9240kg;Package Contents:1 x Hoodie;,https://www.dresslily.com/rivet-long-sleeve-drawstring-hoodie-product8172475.html,24
0,0.0,Wolf Print Kangaroo Pocket Casual Hoodie,22.99,8160041,"Clothes Type:Hoodie;Occasion:Daily;Style:Casual;Fit Type:Regular;Sleeve Length:Full;Material:Polyester;Thickness:Regular;Patterns:Animal;Season:Fall,Spring,Winter;Weight:0.5500kg;Package Contents:1 x Hoodie;",https://www.dresslily.com/halloween-wolf-print-long-sleeves-product8160041.html,52
37,32.99,Side Lace Up Fleece Gothic Hoodie,52.78,8230655,"Clothes Type:Hoodie Jacket;Occasion:Daily;Style:Gothic;Fit Type:Regular;Shirt Length:Long;Sleeve Length:Full;Material:Polyester,Spandex;Thickness:Thick;Patterns:Solid;Season:Fall,Spring,Winter;Weight:0.7500kg;Package Contents:1 x Hoodie;",https://www.dresslily.com/side-lace-up-fleece-gothic-product8230655.html,19
34,19.99,Colorblock Splicing Faux Fur Fluffy Hoodie,30.35,8250278,"Clothes Type:Hoodies;Style:Fashion;Pattern Type:Colorblock;Material:Polyester;Fabric Stretch:Slight Stretch;Shirt Length:Regular;Sleeve Length:Full;Season:Fall,Spring,Winter;Weight:0.4000kg;Package Contents:1 x Hoodie;",https://www.dresslily.com/colorblock-splicing-faux-fur-fluffy-product8250278.html,0
39,22.99,Pouch Pocket Patch Detail Fluffy Hoodie,37.79,8250265,"Clothes Type:Hoodies;Style:Fashion;Pattern Type:Patchwork,Solid;Material:Polyester;Fabric Stretch:Slight Stretch;Shirt Length:Regular;Sleeve Length:Full;Season:Fall,Winter;Weight:0.5300kg;Package Contents:1 x Hoodie;",https://www.dresslily.com/pouch-pocket-patch-detail-fluffy-product8250265.html,0
32,39.99,Faux Leather Insert Button Up Gothic Hoodie,58.49,8191539,"Clothes Type:Hoodie;Occasion:Halloween,Night Out;Style:Gothic;Fit Type:Regular;Sleeve Length:Full;Material:Cotton,Polyester,Polyurethane;Thickness:Regular;Patterns:Solid;Season:Fall,Spring;Weight:0.7800kg;Package Contents:1 x Hoodie;",https://www.dresslily.com/faux-leather-insert-button-up-product8191539.html,19
36,22.99,Hooded 3D Skull Print Trippy Hoodie,36.17,2878368,"Clothes Type:Hoodie;Occasion:Daily Use,Going Out;Style:Fashion;Fit Type:Regular;Shirt Length:Regular;Sleeve Length:Full;Material:Cotton,Polyester;Thickness:Regular;Patterns:Skulls;Season:Fall,Spring;Weight:0.5760kg;Package Contents:1 x Hoodie;",https://www.dresslily.com/hooded-3d-skull-print-trippy-product2878368.html,15
0,0.0,Raglan Sleeve Grid Pattern Hoodie,32.99,8376726,"Clothes Type:Hoodies;Style:Casual;Pattern Type:Geometric;Material:Polyester;Fabric Stretch:Slight Stretch;Shirt Length:Regular;Sleeve Length:Full;Season:Fall,Winter;Weight:0.7800kg;Package Contents:1 x Hoodie;",https://www.dresslily.com/raglan-sleeve-grid-pattern-hoodie-product8376726.html,0
53,19.99,Christmas Tree Jingle Bells Santa Christmas Hoodie,42.1,2251060,"Clothes Type:Hoodie;Occasion:Daily Use,Going Out,Sports;Style:Fashion;Fit Type:Regular;Shirt Length:Regular;Sleeve Length:Full;Material:Polyester;Thickness:Regular;Patterns:Cartoon,Print;Weight:0.5510kg;Package Contents:1 x Hoodie;",https://www.dresslily.com/christmas-tree-jingle-bells-santa-christmas-hoodie-product2251060.html,8
30,24.99,Aurora Color Print Pocket Hoodie,35.63,8325605,"Clothes Type:Hoodie;Occasion:Daily;Style:Casual;Fit Type:Regular;Sleeve Length:Full;Material:Polyester,Polyurethane;Thickness:Regular;Patterns:Print;Season:Fall,Spring,Winter;Weight:0.4900kg;Package Contents:1 x Hoodie;",https://www.dresslily.com/aurora-color-print-pocket-hoodie-product8325605.html,2
39,22.99,Contrast Tape Sleeve Kangaroo Pocket Fleece Pullover Hoodie,37.52,8207739,"Clothes Type:Hoodies;Style:Casual;Pattern Type:Others;Material:Cotton,Polyester;Shirt Length:Regular;Sleeve Length:Full;Season:Fall,Spring,Winter;Weight:0.5700kg;Package Contents:1 x Hoodie;",https://www.dresslily.com/contrast-tape-sleeve-kangaroo-pocket-product8207739.html,1
37,19.99,Whole Colored Drawstring Casual Hoodie,31.5,3647301,Clothes Type:Hoodie;Occasion:Daily;Style:Casual;Fit Type:Regular;Shirt Length:Regular;Sleeve Length:Full;Material:Polyester;Thickness:Thick;Patterns:Others;Season:Winter;Weight:0.4070kg;Package Contents:1 x Hoodie;,https://www.dresslily.com/whole-colored-drawstring-casual-hoodie-product3647301.html,23
46,22.99,Drawstring 3D Print Front Pocket Hoodie,42.91,8366267,"Clothes Type:Hoodie;Occasion:Daily;Style:Fashion;Fit Type:Regular;Shirt Length:Regular;Sleeve Length:Full;Material:Polyester,Polyurethane;Fabric Stretch:Slight Stretch;Thickness:Regular;Patterns:3D Print;Season:Fall,Spring,Winter;Weight:0.5350kg;Package Contents:1 x Hoodie;",https://www.dresslily.com/drawstring-3d-print-front-pocket-product8366267.html,0
0,0.0,Lion Graphic Pouch Pocket Casual Hoodie,26.99,8268274,"Clothes Type:Hoodie;Occasion:Daily;Style:Casual;Fit Type:Regular;Sleeve Length:Full;Material:Polyester,Spandex;Thickness:Regular;Patterns:Animal;Season:Fall,Spring;Weight:0.5150kg;Package Contents:1 x Hoodie;",https://www.dresslily.com/lion-graphic-pouch-pocket-casual-product8268274.html,1
0,0.0,Forest Galaxy Print Kangaroo Pocket Hoodie,26.99,8354138,"Clothes Type:Hoodie;Occasion:Daily;Style:Casual;Fit Type:Loose;Shirt Length:Regular;Sleeve Length:Full;Material:Polyester,Polyurethane;Thickness:Regular;Patterns:Forest,Galaxy;Season:Fall,Spring;Weight:0.4900kg;Package Contents:1 x Hoodie;",https://www.dresslily.com/forest-galaxy-print-kangaroo-pocket-product8354138.html,0
69,15.99,Drawstring Raglan Sleeve Zip Pockets Hoodie,50.8,3252799,"Clothes Type:Hoodie;Occasion:Daily Use;Style:Casual;Fit Type:Regular;Shirt Length:Regular;Sleeve Length:Full;Material:Cotton,Polyester;Thickness:Regular;Patterns:Others;Season:Fall;Weight:0.5400kg;Package Contents:1 x Hoodie;",https://www.dresslily.com/drawstring-raglan-sleeve-zip-pockets-product3252799.html,8
0,0.0,Lion Art Paint Graphic Front Pocket Casual Hoodie,26.99,8270110,"Clothes Type:Hoodie;Occasion:Daily;Style:Casual;Fit Type:Regular;Shirt Length:Regular;Sleeve Length:Full;Material:Polyester,Spandex;Thickness:Regular;Patterns:Animal;Season:Fall,Spring;Weight:0.5400kg;Package Contents:1 x Hoodie;",https://www.dresslily.com/lion-art-paint-graphic-front-product8270110.html,0
0,0.0,Pintuck Detail Raglan Sleeve Hoodie,22.99,8380908,"Clothes Type:Hoodie;Occasion:Daily;Style:Casual;Fit Type:Regular;Sleeve Length:Full;Material:Polyester;Fabric Stretch:Slight Stretch;Thickness:Regular;Patterns:Solid;Season:Fall,Spring;Weight:0.3550kg;Package Contents:1 x Hoodie;",https://www.dresslily.com/pintuck-detail-raglan-sleeve-hoodie-product8380908.html,0
0,0.0,Pullover Zip Design Fleece Hoodie,22.99,8370312,"Clothes Type:Hoodie;Occasion:Daily,Sports;Style:Casual;Fit Type:Regular;Shirt Length:Regular;Sleeve Length:Full;Material:Cotton,Polyester;Fabric Stretch:Slight Stretch;Thickness:Thick;Patterns:Solid;Season:Winter;Weight:0.4800kg;Package Contents:1 x Hoodie;",https://www.dresslily.com/pullover-zip-design-fleece-hoodie-product8370312.html,0
0,0.0,Diamond Geometric Letter Print Hoodie,22.99,8349086,"Clothes Type:Hoodie;Occasion:Daily;Style:Casual;Fit Type:Regular;Shirt Length:Regular;Sleeve Length:Full;Material:Polyester,Polyurethane;Thickness:Regular;Patterns:Geometric,Letter;Season:Fall,Spring,Winter;Weight:0.4800kg;Package Contents:1 x Hoodie;",https://www.dresslily.com/diamond-geometric-letter-print-hoodie-product8349086.html,0
0,0.0,Long Sleeve Rivet Pullover Hoodie,41.99,8163394,Clothes Type:Hoodie;Occasion:Daily;Style:Fashion;Fit Type:Regular;Sleeve Length:Full;Material:Polyester;Thickness:Regular;Patterns:Solid;Season:Fall;Weight:0.8010kg;Package Contents:1 x Hoodie;,https://www.dresslily.com/long-sleeve-rivet-pullover-hoodie-product8163394.html,0
0,0.0,Front Pocket Geometric 3D Print Hoodie,26.99,8378465,"Clothes Type:Hoodie;Occasion:Daily;Style:Fashion;Fit Type:Regular;Sleeve Length:Full;Material:Polyester,Polyurethane;Fabric Stretch:Slight Stretch;Thickness:Regular;Patterns:Geometric;Season:Fall,Spring;Weight:0.4800kg;Package Contents:1 x Hoodie;",https://www.dresslily.com/front-pocket-geometric-3d-print-product8378465.html,0
39,25.49,Colorful Great Wave Pattern Front Pocket Casual Hoodie,41.83,8339446,"Clothes Type:Hoodie;Occasion:Daily;Style:Casual;Fit Type:Regular;Shirt Length:Regular;Sleeve Length:Full;Material:Polyester,Spandex;Thickness:Regular;Patterns:Print;Season:Fall,Spring;Weight:0.5500kg;Package Contents:1 x Hoodie;",https://www.dresslily.com/colorful-great-wave-pattern-front-product8339446.html,0
39,23.99,Halloween Butterfly Skull Graphic Front Pocket Drawstring Hoodie,39.14,8321793,"Clothes Type:Hoodie;Occasion:Halloween;Style:Casual;Fit Type:Regular;Shirt Length:Regular;Sleeve Length:Full;Material:Polyester,Spandex;Thickness:Regular;Patterns:Butterfly,Floral,Skull;Season:Fall,Spring;Weight:0.4900kg;Package Contents:1 x Hoodie;",https://www.dresslily.com/halloween-butterfly-skull-graphic-front-product8321793.html,1
47,20.99,Contrast Fire Character Print Kangaroo Pocket Hoodie,39.41,8362974,"Clothes Type:Hoodie;Occasion:Daily;Style:Casual;Fit Type:Regular;Sleeve Length:Full;Material:Polyester,Polyurethane;Fabric Stretch:Slight Stretch;Thickness:Regular;Patterns:Others;Season:Fall,Spring,Winter;Weight:0.5500kg;Package Contents:1 x Hoodie;",https://www.dresslily.com/contrast-fire-character-print-kangaroo-product8362974.html,0
0,0.0,Colorful Geometric Print Casual Hoodie,29.99,8376699,"Clothes Type:Hoodies;Style:Casual;Pattern Type:Geometric;Material:Polyester;Shirt Length:Regular;Sleeve Length:Full;Season:Fall,Spring,Winter;Weight:0.6000kg;Package Contents:1 x Hoodie;",https://www.dresslily.com/colorful-geometric-print-casual-hoodie-product8376699.html,0
0,0.0,Marvel Spider-Man Ripped Design Denim Jacket,36.99,8356161,"Clothes Type:Jackets;Style:Fashion,Punk;Material:Cotton;Collar:Turn-down Collar;Shirt Length:Regular;Season:Winter;Sleeve Length:Long Sleeves;Fit Type:Daily;Pattern Type:Anime;Weight:0.8000kg;Package Contents:1 x Jacket;",https://www.dresslily.com/marvel-spider-man-ripped-design-product8356161.html,0
0,0.0,Contrast Letter Patch Detail Pouch Pocket Fleece Hoodie,26.99,4754322,"Clothes Type:Hoodie;Occasion:Daily,Home,Office,Sports;Style:Casual;Fit Type:Regular;Shirt Length:Regular;Sleeve Length:Full;Material:Cotton,Polyester;Thickness:Thick;Patterns:Colorblock;Season:Fall,Winter;Weight:0.5500kg;Package Contents:1 x Hoodie;",https://www.dresslily.com/contrast-letter-patch-detail-pouch-product4754322.html,0
46,20.99,Colorful Block 3D Print Kangaroo Pocket Hoodie,38.6,8362966,"Clothes Type:Hoodie;Occasion:Daily;Style:Casual;Fit Type:Regular;Sleeve Length:Full;Material:Polyester,Polyurethane;Fabric Stretch:Slight Stretch;Thickness:Regular;Patterns:3D Print,Others;Season:Fall,Spring,Winter;Weight:0.5300kg;Package Contents:1 x Hoodie;",https://www.dresslily.com/colorful-block-3d-print-kangaroo-product8362966.html,0
0,0.0,Two Tone Sun Moon Chinese Tai Ji Print Hoodie,26.99,8366263,"Clothes Type:Hoodie;Occasion:Daily;Style:Chinese Style;Fit Type:Regular;Shirt Length:Regular;Sleeve Length:Full;Material:Polyester,Polyurethane;Fabric Stretch:Slight Stretch;Thickness:Regular;Patterns:Moon,Sun;Season:Fall,Winter;Weight:0.5500kg;Package Contents:1 x Hoodie;",https://www.dresslily.com/two-tone-sun-moon-chinese-product8366263.html,0
0,0.0,Zipper Pocket Half Zip Drawstring Hoodie,29.99,8374787,"Clothes Type:Hoodies;Style:Casual;Pattern Type:Others;Material:Cotton,Polyester;Fabric Stretch:Slight Stretch;Shirt Length:Regular;Sleeve Length:Full;Season:Fall,Winter;Weight:0.6400kg;Package Contents:1 x Hoodie;",https://www.dresslily.com/zipper-pocket-half-zip-drawstring-product8374787.html,0
0,0.0,Pleated Raglan Sleeve Ripped Pullover Hoodie,29.99,4392545,"Clothes Type:Hoodie;Occasion:Daily Use;Style:Casual;Fit Type:Regular;Sleeve Length:Full;Material:Cotton,Polyester;Thickness:Regular;Patterns:Solid;Season:Fall,Winter;Weight:0.5200kg;Package Contents:1 x Hoodie;",https://www.dresslily.com/pleated-raglan-sleeve-ripped-pullover-product4392545.html,1
0,0.0,Christmas Santa Claus Music Note Print Drawstring Hoodie,26.99,8370303,"Clothes Type:Hoodie;Occasion:Daily;Style:Fashion;Fit Type:Regular;Sleeve Length:Full;Material:Polyester;Fabric Stretch:Slight Stretch;Thickness:Regular;Patterns:Santa Claus;Season:Fall,Winter;Weight:0.5000kg;Package Contents:1 x Hoodie;",https://www.dresslily.com/christmas-santa-claus-music-note-product8370303.html,0
47,22.99,Casual Splicing Color Block Hoodie,43.18,4256315,"Clothes Type:Hoodies;Style:Fashion;Pattern Type:Patchwork;Material:Cotton,Polyester;Shirt Length:Regular;Sleeve Length:Full;Season:Winter,Fall;Weight:0.5270kg;Package Contents:1 x Hoodie;",https://www.dresslily.com/casual-splicing-color-block-hoodie-product4256315.html,1
41,24.99,Masked Face Graphic Front Pocket Casual Hoodie,42.37,8270127,"Clothes Type:Hoodie;Occasion:Daily;Style:Casual;Fit Type:Regular;Shirt Length:Regular;Sleeve Length:Full;Material:Polyester,Spandex;Thickness:Regular;Patterns:Face;Season:Fall,Spring;Weight:0.5300kg;Package Contents:1 x Hoodie;",https://www.dresslily.com/masked-face-graphic-front-pocket-product8270127.html,0
75,9.99,Color Block Striped Faux Sailor Collar Print Kangaroo Pocket Hoodie,40.49,8154149,"Clothes Type:Hoodie;Occasion:Daily,Daily Use,Going Out,Sports,Vacation;Style:Fashion;Fit Type:Regular;Shirt Length:Regular;Sleeve Length:Full;Material:Polyester;Thickness:Regular;Patterns:Color Block,Stripe;Season:Fall,Spring;Weight:0.5400kg;Package Contents:1 x Hoodie;",https://www.dresslily.com/color-block-striped-faux-sailor-product8154149.html,0
0,0.0,Kangaroo Pocket Blood Soldiers Print Pullover Hoodie,26.99,8338233,"Clothes Type:Hoodie;Occasion:Daily;Style:Casual;Fit Type:Regular;Sleeve Length:Full;Material:Polyester,Polyurethane;Thickness:Regular;Patterns:Others;Season:Fall,Spring;Weight:0.5700kg;Package Contents:1 x Hoodie;",https://www.dresslily.com/kangaroo-pocket-blood-soldiers-print-product8338233.html,0
34,24.99,Feather Birds Front Pocket Drawstring Hoodie,37.79,8353012,"Clothes Type:Hoodie;Occasion:Daily;Style:Fashion;Fit Type:Regular;Shirt Length:Regular;Sleeve Length:Full;Material:Polyester,Polyurethane;Thickness:Regular;Patterns:Animal,Feather;Season:Fall,Spring;Weight:0.5300kg;Package Contents:1 x Hoodie;",https://www.dresslily.com/feather-birds-front-pocket-drawstring-product8353012.html,0
47,18.99,Fire Lion Print Kangaroo Pocket Hoodie,35.9,8363488,"Clothes Type:Hoodie;Occasion:Daily;Style:Casual;Fit Type:Regular;Sleeve Length:Full;Material:Polyester,Polyurethane;Fabric Stretch:Slight Stretch;Thickness:Regular;Patterns:3D Print,Animal;Season:Fall,Spring,Winter;Weight:0.4900kg;Package Contents:1 x Hoodie;",https://www.dresslily.com/fire-lion-print-kangaroo-pocket-product8363488.html,1
47,22.99,Contrast Circle Print Kangaroo Pocket Hoodie,43.18,8354134,"Clothes Type:Hoodie;Occasion:Daily;Style:Casual;Fit Type:Regular;Shirt Length:Regular;Sleeve Length:Full;Material:Polyester,Polyurethane;Thickness:Regular;Patterns:Others;Season:Fall,Spring;Weight:0.4900kg;Package Contents:1 x Hoodie;",https://www.dresslily.com/contrast-circle-print-kangaroo-pocket-product8354134.html,0
72,12.99,Colorful Striped Trim Zip Up Drawstring Hoodie,46.48,8169555,"Clothes Type:Hoodie;Occasion:Daily;Style:Casual;Fit Type:Regular;Shirt Length:Regular;Sleeve Length:Full;Material:Cotton,Polyester;Thickness:Regular;Closure Type:Zipper;Patterns:Stripe;Season:Fall,Spring;Weight:0.6400kg;Package Contents:1 x Hoodie;",https://www.dresslily.com/colorful-striped-trim-zip-up-product8169555.html,0
0,0.0,Letter Print Double Collar Kangaroo Pocket Hoodie,29.99,8333080,"Clothes Type:Hoodies;Style:Casual;Pattern Type:Letter;Material:Cotton;Shirt Length:Regular;Sleeve Length:Full;Season:Fall,Spring;Weight:0.6600kg;Package Contents:1 x Hoodie;",https://www.dresslily.com/letter-print-double-collar-kangaroo-product8333080.html,0
38,22.99,Planet Galaxy Print Kangaroo Pocket Hoodie,36.98,8355689,"Clothes Type:Hoodie;Occasion:Daily;Style:Casual;Fit Type:Regular;Shirt Length:Regular;Sleeve Length:Full;Material:Polyester,Polyurethane;Thickness:Regular;Patterns:Galaxy;Season:Fall,Spring;Weight:0.4900kg;Package Contents:1 x Hoodie;",https://www.dresslily.com/planet-galaxy-print-kangaroo-pocket-product8355689.html,0
0,0.0,Tribal Totem Pattern Print Casual Hoodie,29.99,8349201,"Clothes Type:Hoodie;Occasion:Daily;Style:Casual;Fit Type:Regular;Shirt Length:Regular;Sleeve Length:Full;Material:Polyester;Thickness:Regular;Patterns:Print;Season:Fall,Spring,Winter;Weight:0.6400kg;Package Contents:1 x Hoodie;",https://www.dresslily.com/tribal-totem-pattern-print-casual-product8349201.html,0
0,0.0,Zipper Decorated Color Spliced Casual Hoodie,22.99,8201102,"Clothes Type:Hoodie;Occasion:Daily,Going Out;Style:Casual;Fit Type:Regular;Sleeve Length:Full;Material:Cotton,Polyester;Thickness:Regular;Patterns:Colorblock;Season:Fall,Spring,Winter;Weight:0.4550kg;Package Contents:1 x Hoodie;",https://www.dresslily.com/zipper-decorated-color-spliced-casual-product8201102.html,2
0,0.0,Santa Claus Moon Galaxy Print Christmas Hoodie,26.99,8371873,"Clothes Type:Hoodie;Occasion:Christmas Day,Daily;Style:Casual;Fit Type:Regular;Shirt Length:Regular;Sleeve Length:Full;Material:Polyester,Polyurethane;Fabric Stretch:Slight Stretch;Thickness:Regular;Patterns:Elk,Moon,Santa Claus;Season:Fall,Spring;Weight:0.4700kg;Package Contents:1 x Hoodie;",https://www.dresslily.com/santa-claus-moon-galaxy-print-product8371873.html,0
45,22.99,Paint Splatter Lion Print Front Pocket Drawstring Hoodie,41.83,8366255,"Clothes Type:Hoodie;Occasion:Daily;Style:Fashion;Fit Type:Regular;Shirt Length:Regular;Sleeve Length:Full;Material:Polyester,Polyurethane;Fabric Stretch:Slight Stretch;Thickness:Regular;Patterns:Animal,Paint Splatter;Season:Fall,Spring,Winter;Weight:0.5350kg;Package Contents:1 x Hoodie;",https://www.dresslily.com/paint-splatter-lion-print-front-product8366255.html,0
0,0.0,Kangaroo Pocket Universe Planets Print Hoodie,26.99,8345396,"Clothes Type:Hoodies;Style:Fashion;Pattern Type:Others;Material:Polyester,Polyurethane;Shirt Length:Regular;Sleeve Length:Full;Season:Fall,Spring;Weight:0.5750kg;Package Contents:1 x Hoodie;",https://www.dresslily.com/kangaroo-pocket-universe-planets-print-product8345396.html,0
0,0.0,Christmas Tree Snowman Pattern Pocket Hoodie,22.99,8207952,"Clothes Type:Hoodie;Occasion:Christmas Day,Going Out;Style:Casual;Fit Type:Regular;Sleeve Length:Full;Material:Polyester;Thickness:Regular;Patterns:Christmas Tree,Snowman;Season:Fall,Spring,Winter;Weight:0.3400kg;Package Contents:1 x Hoodie;",https://www.dresslily.com/christmas-tree-snowman-pattern-pocket-product8207952.html,0
76,9.99,Faux Sailor Collar Striped Print Casual Kangaroo Pocket Hoodie,42.1,8154157,"Clothes Type:Hoodie;Occasion:Daily,Daily Use,Going Out;Style:Fashion;Fit Type:Regular;Shirt Length:Regular;Sleeve Length:Full;Material:Polyester;Thickness:Regular;Patterns:Stripe;Season:Fall,Spring;Weight:0.5400kg;Package Contents:1 x Hoodie;",https://www.dresslily.com/faux-sailor-collar-striped-print-product8154157.html,0
0,0.0,Abstract Pattern Kangaroo Pocket Hoodie,26.99,7784160,"Clothes Type:Hoodie;Occasion:Daily;Style:Fashion;Fit Type:Regular;Sleeve Length:Full;Material:Polyester;Thickness:Regular;Patterns:Print;Season:Fall,Spring;Weight:0.5600kg;Package Contents:1 x Hoodie;",https://www.dresslily.com/abstract-pattern-kangaroo-pocket-hoodie-product7784160.html,0
43,19.99,Lion Paint Graphic Front Pocket Casual Hoodie,35.36,8268285,"Clothes Type:Hoodie;Occasion:Daily;Style:Casual;Fit Type:Regular;Shirt Length:Regular;Sleeve Length:Full;Material:Polyester,Spandex;Thickness:Regular;Patterns:Animal;Season:Fall,Spring;Weight:0.5300kg;Package Contents:1 x Hoodie;",https://www.dresslily.com/lion-paint-graphic-front-pocket-product8268285.html,0
52,19.99,Indian Wolf Graphic Pouch Pocket Drawstring Hoodie,41.29,8275776,"Clothes Type:Hoodie;Occasion:Daily;Style:Casual;Fit Type:Regular;Sleeve Length:Full;Material:Polyester,Spandex;Thickness:Regular;Patterns:Animal;Season:Fall,Spring;Weight:0.5050kg;Package Contents:1 x Hoodie;",https://www.dresslily.com/indian-wolf-graphic-pouch-pocket-product8275776.html,1
73,9.99,Contrast Color Kangaroo Pockets Hoodie,37.25,8159178,"Clothes Type:Hoodie;Occasion:Daily;Style:Casual;Fit Type:Regular;Shirt Length:Regular;Sleeve Length:Full;Material:Cotton,Polyester;Thickness:Regular;Patterns:Patchwork;Season:Fall,Spring;Weight:0.4900kg;Package Contents:1 x Hoodie;",https://www.dresslily.com/contrast-color-kangaroo-pockets-hoodie-product8159178.html,0
0,0.0,Marvel Spider-Man Faux Twinset Hoodie,29.99,8356032,"Clothes Type:Hoodies;Style:Fashion;Pattern Type:Colorblock,Graphic;Material:Cotton,Polyester;Shirt Length:Regular;Sleeve Length:Full;Season:Fall,Spring,Winter;Weight:0.5800kg;Package Contents:1 x Hoodie;",https://www.dresslily.com/marvel-spider-man-faux-twinset-product8356032.html,0
0,0.0,Marvel Spider-Man Comic Graphic Casual Hoodie,26.99,8355152,"Clothes Type:Hoodies;Style:Casual;Pattern Type:Character,Graphic,Letter;Material:Polyester,Polyurethane;Shirt Length:Regular;Sleeve Length:Full;Season:Fall,Spring,Winter;Weight:0.5500kg;Package Contents:1 x Hoodie;",https://www.dresslily.com/marvel-spider-man-comic-graphic-product8355152.html,0
0,0.0,Kangaroo Pocket Gothic Print Hoodie,29.99,8349746,"Clothes Type:Hoodie;Occasion:Daily;Style:Gothic;Fit Type:Regular;Shirt Length:Regular;Sleeve Length:Full;Material:Polyester;Thickness:Regular;Patterns:Others;Season:Fall,Spring;Weight:0.6800kg;Package Contents:1 x Hoodie;",https://www.dresslily.com/kangaroo-pocket-gothic-print-hoodie-product8349746.html,1
46,19.99,Spider Web Print Casual Hoodie,36.98,8170510,"Clothes Type:Hoodie;Occasion:Daily,Going Out;Style:Novelty;Fit Type:Regular;Shirt Length:Regular;Sleeve Length:Full;Material:Polyester,Polyurethane;Thickness:Regular;Patterns:Animal;Season:Fall,Spring;Weight:0.4700kg;Package Contents:1 x Hoodie;",https://www.dresslily.com/spider-web-print-long-sleeves-product8170510.html,2
0,0.0,Front Pocket Unicorn Print Contrast Hoodie,26.99,8378242,"Clothes Type:Hoodie;Occasion:Daily;Style:Casual;Fit Type:Regular;Shirt Length:Regular;Sleeve Length:Full;Material:Polyester,Polyurethane;Fabric Stretch:Slight Stretch;Thickness:Regular;Patterns:Animal;Season:Fall,Spring;Weight:0.4700kg;Package Contents:1 x Hoodie;",https://www.dresslily.com/front-pocket-unicorn-print-contrast-product8378242.html,0
29,26.99,Tribal Characters Pattern Front Pocket Drawstring Hoodie,37.79,8339442,"Clothes Type:Hoodie;Occasion:Daily;Style:Casual;Fit Type:Regular;Shirt Length:Regular;Sleeve Length:Full;Material:Polyester,Spandex;Thickness:Regular;Patterns:Print;Season:Fall,Spring;Weight:0.5650kg;Package Contents:1 x Hoodie;",https://www.dresslily.com/tribal-characters-pattern-front-pocket-product8339442.html,1
49,18.99,Stone 3D Print Kangaroo Pocket Hoodie,37.52,8365077,"Clothes Type:Hoodie;Occasion:Daily;Style:Casual;Fit Type:Regular;Sleeve Length:Full;Material:Polyester,Polyurethane;Fabric Stretch:Slight Stretch;Thickness:Regular;Patterns:3D Print,Others,Stone;Season:Fall,Spring,Winter;Weight:0.4900kg;Package Contents:1 x Hoodie;",https://www.dresslily.com/stone-3d-print-kangaroo-pocket-product8365077.html,0
31,26.99,Color-blocking Drop Shoulder Asymmetrical Hem Hoodie,39.14,8247020,"Clothes Type:Hoodies;Style:Casual;Pattern Type:Colorblock;Material:Cotton,Spandex;Fabric Stretch:Slight Stretch;Shirt Length:Regular;Sleeve Length:Full;Season:Fall,Spring;Weight:0.6510kg;Package Contents:1 x Hoodie;",https://www.dresslily.com/color-blocking-drop-shoulder-asymmetrical-product8247020.html,0
0,0.0,Kangaroo Pocket Eagle Print Drawstring Hoodie,29.99,8349202,"Clothes Type:Hoodie;Occasion:Daily;Style:Casual;Fit Type:Regular;Shirt Length:Regular;Sleeve Length:Full;Material:Polyester;Thickness:Regular;Patterns:Animal;Season:Fall,Spring;Weight:0.6900kg;Package Contents:1 x Hoodie;",https://www.dresslily.com/kangaroo-pocket-eagle-print-drawstring-product8349202.html,0
0,0.0,Eagle Pattern Casual Pouch Pocket Hoodie,26.99,8259875,"Clothes Type:Hoodie;Occasion:Daily;Style:Casual;Fit Type:Regular;Sleeve Length:Full;Material:Polyester;Thickness:Regular;Patterns:Animal;Season:Fall,Spring,Winter;Weight:0.4950kg;Package Contents:1 x Hoodie;",https://www.dresslily.com/eagle-pattern-casual-pouch-pocket-product8259875.html,0
31,24.99,Geometric Animal Print Pocket Hoodie,36.44,8264394,"Clothes Type:Hoodie;Occasion:Daily;Style:Casual;Fit Type:Regular;Sleeve Length:Full;Material:Polyester;Thickness:Regular;Patterns:Animal,Geometric;Season:Fall,Spring,Winter;Weight:0.5200kg;Package Contents:1 x Hoodie;",https://www.dresslily.com/geometric-animal-print-pocket-hoodie-product8264394.html,0
0,0.0,Bicolor Skull Graphic Front Pocket Drawstring Hoodie,26.99,8335048,"Clothes Type:Hoodie;Occasion:Daily,Halloween;Style:Casual;Fit Type:Regular;Shirt Length:Regular;Sleeve Length:Full;Material:Polyester,Spandex;Thickness:Regular;Patterns:Skull;Season:Fall,Spring;Weight:0.5300kg;Package Contents:1 x Hoodie;",https://www.dresslily.com/bicolor-skull-graphic-front-pocket-product8335048.html,0
0,0.0,Side Pocket Split Hem Patchwork Pullover Casual Hoodie,29.99,3214354,"Clothes Type:Hoodie;Occasion:Daily,Going Out,Home,Night Out,Office,Sports;Style:Fashion;Fit Type:Regular;Sleeve Length:Full;Material:Polyester;Thickness:Regular;Patterns:Geometric,Patchwork;Season:Fall;Weight:0.5550kg;Package Contents:1 x Hoodie;",https://www.dresslily.com/side-pocket-split-hem-patchwork-product3214354.html,0
0,0.0,Graffiti Pattern Casual Front Pocket Hoodie,26.99,8357736,"Clothes Type:Hoodie;Occasion:Daily;Style:Casual;Fit Type:Regular;Shirt Length:Regular;Sleeve Length:Full;Material:Polyester,Polyurethane;Fabric Stretch:Slight Stretch;Thickness:Regular;Patterns:Print;Season:Fall,Spring,Winter;Weight:0.5100kg;Package Contents:1 x Hoodie;",https://www.dresslily.com/graffiti-pattern-casual-front-pocket-product8357736.html,0
72,12.99,Full Face Santa Mask Zip Funny Hoodie,46.18,4490997,"Clothes Type:Hoodie;Occasion:Christmas Day,Daily,Daily Use,Festival,Going Out,Night Out,Office,Party;Style:Trendy;Fit Type:Loose;Sleeve Length:Full;Material:Polyester,Polyurethane;Thickness:Regular;Closure Type:Zipper;Patterns:Portrait,Print;Season:Fall;Weight:0.6000kg;Package Contents:1 x Hoodie;",https://www.dresslily.com/full-face-santa-mask-zip-product4490997.html,0
25,29.99,Digital Floral Skull Print Front Pocket Drawstring Hoodie,40.22,8333994,"Clothes Type:Hoodie;Occasion:Daily;Style:Casual;Fit Type:Regular;Shirt Length:Regular;Sleeve Length:Full;Material:Polyester,Spandex;Thickness:Regular;Patterns:Floral,Skulls;Season:Fall,Spring;Weight:0.5300kg;Package Contents:1 x Hoodie;",https://www.dresslily.com/digital-floral-skull-print-front-product8333994.html,0
0,0.0,Front Pocket Galaxy Animal Print Hoodie,26.99,8378235,"Clothes Type:Hoodie;Occasion:Daily;Style:Fashion;Fit Type:Regular;Sleeve Length:Full;Material:Polyester,Polyurethane;Fabric Stretch:Slight Stretch;Thickness:Regular;Patterns:Animal;Season:Fall,Spring;Weight:0.4850kg;Package Contents:1 x Hoodie;",https://www.dresslily.com/front-pocket-galaxy-animal-print-product8378235.html,0
0,0.0,Marvel Spider-Man Button Up Denim Jacket,47.99,8356153,"Clothes Type:Jackets;Style:Casual,Punk;Material:Cotton;Collar:Turn-down Collar;Shirt Length:Regular;Season:Fall,Winter;Sleeve Length:Long Sleeves;Fit Type:Daily;Pattern Type:Cartoon;Weight:0.8000kg;Package Contents:1 x Jacket;",https://www.dresslily.com/marvel-spider-man-button-up-product8356153.html,0
84,9.99,Destroyed Pocket Decoration Hoodie,64.23,8173506,"Clothes Type:Hoodie;Occasion:Daily,Going Out;Style:Casual;Fit Type:Regular;Sleeve Length:Full;Material:Polyester;Thickness:Regular;Patterns:Others;Season:Fall,Spring;Weight:0.3700kg;Package Contents:1 x Hoodie;",https://www.dresslily.com/destroyed-pocket-decoration-long-sleeves-product8173506.html,0
0,0.0,Burning Honeycomb Briquette Graphic Front Pocket Hoodie,26.99,8146430,"Clothes Type:Hoodie;Occasion:Daily;Style:Casual;Fit Type:Regular;Shirt Length:Regular;Sleeve Length:Full;Material:Polyester,Spandex;Thickness:Regular;Patterns:Print;Season:Fall,Spring;Weight:0.5000kg;Package Contents:1 x Hoodie;",https://www.dresslily.com/burning-honeycomb-briquette-graphic-front-product8146430.html,0
0,0.0,Kangaroo Pocket Tie Dye Printed Drawstring Hoodie,22.99,8368096,"Clothes Type:Hoodie;Occasion:Daily;Style:Casual;Fit Type:Regular;Sleeve Length:Full;Material:Cotton,Polyester;Fabric Stretch:Slight Stretch;Thickness:Regular;Patterns:Tie Dye;Season:Fall,Spring;Weight:0.4800kg;Package Contents:1 x Hoodie;",https://www.dresslily.com/kangaroo-pocket-tie-dye-printed-product8368096.html,0
0,0.0,Skull Pattern Casual Hoodie,26.99,8253102,"Clothes Type:Hoodie;Occasion:Daily;Style:Casual;Fit Type:Regular;Sleeve Length:Full;Material:Polyester,Polyurethane;Thickness:Regular;Patterns:Skull;Season:Fall,Spring;Weight:0.4700kg;Package Contents:1 x Hoodie;",https://www.dresslily.com/skull-pattern-casual-hoodie-product8253102.html,0
0,0.0,Skull Dragon 3D Print Drawstring Hoodie,26.99,8378474,"Clothes Type:Hoodie;Occasion:Daily;Style:Casual;Fit Type:Regular;Shirt Length:Regular;Sleeve Length:Full;Material:Polyester,Polyurethane;Fabric Stretch:Slight Stretch;Thickness:Regular;Patterns:Skull;Season:Fall,Spring;Weight:0.4800kg;Package Contents:1 x Hoodie;",https://www.dresslily.com/skull-dragon-3d-print-drawstring-product8378474.html,0
78,12.99,Asymmetric One Button Long Sleeve Hoodie,60.05,7872341,"Clothes Type:Hoodie;Occasion:Daily Use;Style:Fashion;Fit Type:Regular;Sleeve Length:Full;Material:Cotton,Polyester;Thickness:Regular;Patterns:Solid;Season:Fall;Weight:0.2780kg;Package Contents:1 x Hoodie;",https://www.dresslily.com/asymmetric-one-button-long-sleeve-product7872341.html,0
41,24.59,Red Moon Allover Print Kangaroo Pocket Hoodie,41.39,8347774,"Clothes Type:Hoodie;Occasion:Daily;Style:Casual;Fit Type:Regular;Shirt Length:Regular;Sleeve Length:Full;Material:Polyester;Thickness:Regular;Patterns:Moon;Season:Fall,Spring,Winter;Weight:0.6000kg;Package Contents:1 x Hoodie;",https://www.dresslily.com/red-moon-allover-print-kangaroo-product8347774.html,0
0,0.0,Marvel Spider-Man And Venom Graphic Casual Drawstring Hoodie,26.99,8356077,"Clothes Type:Hoodies;Style:Casual;Pattern Type:Cartoon,Graphic;Embellishment:Front Pocket;Material:Polyester;Fabric Stretch:No Stretch;Shirt Length:Regular;Sleeve Length:Full;Season:Fall,Spring;Weight:0.5000kg;Package Contents:1 x Hoodie;",https://www.dresslily.com/marvel-spider-man-and-venom-product8356077.html,0
0,0.0,Marvel Spider-Man Drop Shoulder Drawstring Hoodie,36.99,8356058,"Clothes Type:Hoodies;Style:Casual;Pattern Type:Graphic,Letter;Material:Polyester;Shirt Length:Regular;Sleeve Length:Full;Season:Fall,Spring;Weight:0.7080kg;Package Contents:1 x Hoodie;",https://www.dresslily.com/marvel-spider-man-drop-shoulder-product8356058.html,0
0,0.0,Palm Tree Flower Print Front Pocket Hoodie,29.99,8376703,"Clothes Type:Hoodies;Style:Casual;Pattern Type:Floral,Plant;Material:Polyester;Shirt Length:Regular;Sleeve Length:Full;Season:Fall,Spring,Winter;Weight:0.6000kg;Package Contents:1 x Hoodie;",https://www.dresslily.com/palm-tree-flower-print-front-product8376703.html,0
37,22.99,3D Print Vintage Front Pocket Drawstring Hoodie,36.44,8368621,"Clothes Type:Hoodie;Occasion:Daily;Style:Vintage;Fit Type:Regular;Shirt Length:Regular;Sleeve Length:Full;Material:Polyester,Polyurethane;Fabric Stretch:Slight Stretch;Thickness:Regular;Patterns:3D Print;Season:Fall,Spring,Winter;Weight:0.5250kg;Package Contents:1 x Hoodie;",https://www.dresslily.com/3d-print-vintage-front-pocket-product8368621.html,0
37,24.99,Dragon and Elephant Tribal Pattern Hoodie,39.41,8342116,"Clothes Type:Hoodie;Occasion:Daily;Style:Casual;Fit Type:Regular;Shirt Length:Regular;Sleeve Length:Full;Material:Polyester,Polyurethane;Thickness:Regular;Patterns:Animal;Season:Fall,Spring,Winter;Weight:0.5400kg;Package Contents:1 x Hoodie;",https://www.dresslily.com/dragon-and-elephant-tribal-pattern-product8342116.html,1
49,18.99,Fire Water Wolf Print Kangaroo Pocket Hoodie,37.52,8363949,"Clothes Type:Hoodie;Occasion:Daily;Style:Casual;Fit Type:Regular;Sleeve Length:Full;Material:Polyester,Polyurethane;Fabric Stretch:Slight Stretch;Thickness:Regular;Patterns:3D Print,Animal;Season:Fall,Spring,Winter;Weight:0.4900kg;Package Contents:1 x Hoodie;",https://www.dresslily.com/fire-water-wolf-print-kangaroo-product8363949.html,0
0,0.0,Marvel Spider-Man Embroidery Web Casual Sweatshirt,22.99,8354764,"Clothes Type:Sweatshirts;Style:Casual;Pattern Type:Character;Embellishment:Embroidery;Material:Cotton;Fabric Stretch:No Stretch;Shirt Length:Regular;Sleeve Length:Full;Season:Fall,Spring,Winter;Weight:0.3650kg;Package Contents:1 x Sweatshirt;",https://www.dresslily.com/marvel-spider-man-embroidery-web-product8354764.html,0
72,12.99,Geometric Pattern Pullover Drawstring Hoodie,45.58,7471514,Clothes Type:Hoodie;Occasion:Going Out;Style:Casual;Fit Type:Regular;Shirt Length:Regular;Sleeve Length:Full;Material:Polyester;Thickness:Regular;Patterns:Geometric;Season:Winter;Weight:0.4500kg;Package Contents:1 x Hoodie;,https://www.dresslily.com/geometric-pattern-pullover-drawstring-hoodie-product7471514.html,0
0,0.0,3D Colorful Vortex Print Hoodie,29.99,3232432,"Clothes Type:Hoodie;Occasion:Daily Use;Style:Casual;Fit Type:Regular;Shirt Length:Regular;Sleeve Length:Full;Material:Polyester,Polyurethane;Thickness:Regular;Patterns:3D;Season:Fall,Winter;Weight:0.5020kg;Package Contents:1 x Hoodie;",https://www.dresslily.com/3d-colorful-vortex-print-hoodie-product3232432.html,0
0,0.0,Contrast Zip Up Fluffy Hoodie,26.99,8374384,"Clothes Type:Hoodies;Style:Casual;Pattern Type:Others;Material:Cotton,Polyester;Fabric Stretch:Slight Stretch;Shirt Length:Regular;Sleeve Length:Full;Season:Fall,Winter;Weight:0.5050kg;Package Contents:1 x Hoodie;",https://www.dresslily.com/contrast-zip-up-fluffy-hoodie-product8374384.html,0
55,18.99,Stones 3D Print Kangaroo Pocket Hoodie,42.1,8363968,"Clothes Type:Hoodie;Occasion:Daily;Style:Casual;Fit Type:Regular;Sleeve Length:Full;Material:Polyester,Polyurethane;Fabric Stretch:Slight Stretch;Thickness:Regular;Patterns:3D Print,Others,Stone;Season:Fall,Spring,Winter;Weight:0.5100kg;Package Contents:1 x Hoodie;",https://www.dresslily.com/stones-3d-print-kangaroo-pocket-product8363968.html,0
58,19.99,Colorful Diamond Geo Print Front Pocket Hoodie,47.08,8352504,"Clothes Type:Hoodie;Occasion:Daily;Style:Casual;Fit Type:Regular;Shirt Length:Regular;Sleeve Length:Full;Material:Polyester;Thickness:Regular;Patterns:Geometric;Season:Fall,Spring,Winter;Weight:0.6000kg;Package Contents:1 x Hoodie;",https://www.dresslily.com/colorful-diamond-geo-print-front-product8352504.html,0
0,0.0,Flower Pattern Front Pocket Hoodie,29.99,8375163,"Clothes Type:Hoodies;Style:Casual;Pattern Type:Floral;Material:Polyester;Fabric Stretch:No Stretch;Shirt Length:Regular;Sleeve Length:Full;Season:Fall,Spring,Winter;Weight:0.6500kg;Package Contents:1 x Hoodie;",https://www.dresslily.com/flower-pattern-front-pocket-hoodie-product8375163.html,0
52,18.99,Geometric 3D Print Kangaroo Pocket Hoodie,39.95,8363955,"Clothes Type:Hoodie;Occasion:Daily;Style:Casual;Fit Type:Regular;Sleeve Length:Full;Material:Polyester,Polyurethane;Fabric Stretch:Slight Stretch;Thickness:Regular;Patterns:3D Print,Geometric;Season:Fall,Spring,Winter;Weight:0.4900kg;Package Contents:1 x Hoodie;",https://www.dresslily.com/geometric-3d-print-kangaroo-pocket-product8363955.html,0
0,0.0,Christmas Tree Santa Elk 3D Print Hoodie,26.99,8372242,"Clothes Type:Hoodie;Occasion:Christmas Day,Daily;Style:Casual;Fit Type:Regular;Shirt Length:Regular;Sleeve Length:Full;Material:Polyester,Polyurethane;Fabric Stretch:Slight Stretch;Thickness:Regular;Patterns:Animal,Christmas Tree,Santa Claus;Season:Fall,Spring;Weight:0.4900kg;Package Contents:1 x Hoodie;",https://www.dresslily.com/christmas-tree-santa-elk-3d-product8372242.html,0
0,0.0,Long Sleeve Open Front Longline Hoodie,26.99,3223392,"Clothes Type:Hoodie;Occasion:Daily Use;Style:Casual;Fit Type:Regular;Shirt Length:Long;Sleeve Length:Full;Material:Cotton,Polyester,Spandex;Thickness:Regular;Patterns:Solid;Season:Fall,Winter;Weight:0.4300kg;Package Contents:1 x Hoodie;",https://www.dresslily.com/long-sleeve-open-front-longline-product3223392.html,11
0,0.0,Color Spliced Design Hoodie,22.99,8203781,"Clothes Type:Hoodie;Occasion:Daily,Going Out;Style:Casual;Fit Type:Regular;Sleeve Length:Full;Material:Cotton,Polyester;Thickness:Regular;Patterns:Colorblock;Season:Fall,Spring,Winter;Weight:0.4500kg;Package Contents:1 x Hoodie;",https://www.dresslily.com/color-spliced-design-long-sleeved-product8203781.html,0
69,12.99,3D Flower Print Pullover Hoodie,41.39,7470439,Clothes Type:Hoodie;Occasion:Going Out;Style:Casual;Fit Type:Regular;Shirt Length:Regular;Sleeve Length:Full;Material:Polyester;Thickness:Regular;Patterns:Floral;Season:Winter;Weight:0.4500kg;Package Contents:1 x Hoodie;,https://www.dresslily.com/3d-flower-print-pullover-hoodie-product7470439.html,0
0,0.0,Color Blocking Drawstring Kangaroo Pocket Hoodie,22.99,8237718,"Clothes Type:Hoodie;Occasion:Daily;Style:Casual;Fit Type:Regular;Sleeve Length:Full;Material:Cotton,Polyester;Thickness:Regular;Patterns:Colorblock;Season:Fall,Spring,Winter;Weight:0.3600kg;Package Contents:1 x Hoodie;",https://www.dresslily.com/color-blocking-drawstring-kangaroo-pocket-product8237718.html,0
0,0.0,Marvel Spider-Man 3D Letter Print Pullover Hoodie,26.99,8356063,"Clothes Type:Hoodies;Style:Streetwear;Pattern Type:Letter;Material:Polyester;Shirt Length:Regular;Sleeve Length:Full;Season:Fall,Spring,Winter;Weight:0.4400kg;Package Contents:1 x Hoodie;",https://www.dresslily.com/marvel-spider-man-3d-letter-product8356063.html,0
0,0.0,Marvel Spider-Man Fighting Graphic Hoodie,29.99,8356099,"Clothes Type:Hoodies;Style:Fashion;Pattern Type:Graphic,Print;Material:Polyester,Polyurethane;Shirt Length:Regular;Sleeve Length:Full;Season:Fall,Spring,Winter;Weight:0.5490kg;Package Contents:1 x Hoodie;",https://www.dresslily.com/marvel-spider-man-fighting-graphic-product8356099.html,0
41,22.99,Christmas Santa Claus Front Pocket Hoodie,38.87,8371382,"Clothes Type:Hoodie;Occasion:Christmas Day;Style:Cute;Fit Type:Regular;Sleeve Length:Full;Material:Polyester,Polyurethane;Fabric Stretch:Slight Stretch;Thickness:Regular;Patterns:Santa Claus;Season:Fall,Winter;Weight:0.5100kg;Package Contents:1 x Hoodie;",https://www.dresslily.com/christmas-santa-claus-front-pocket-product8371382.html,0
34,19.99,Contrast Trim Splicing Pocket Hoodie,30.35,8171764,"Clothes Type:Hoodie;Occasion:Daily,Home,Sports,Work;Style:Casual;Fit Type:Regular;Sleeve Length:Full;Material:Cotton,Polyester;Thickness:Regular;Patterns:Color Block;Season:Fall,Spring,Winter;Weight:0.4300kg;Package Contents:1 x Hoodie;",https://www.dresslily.com/contrast-trim-splicing-pocket-hoodie-product8171764.html,1
0,0.0,Casual Color Spliced Drawstring Hoodie,22.99,8214915,"Clothes Type:Hoodie;Occasion:Daily,Going Out;Style:Casual;Fit Type:Regular;Sleeve Length:Full;Material:Cotton,Polyester;Thickness:Regular;Patterns:Colorblock;Season:Fall,Spring,Winter;Weight:0.3700kg;Package Contents:1 x Hoodie;",https://www.dresslily.com/casual-color-spliced-drawstring-long-product8214915.html,0
36,22.99,Christmas Santa Claus Print Front Pocket Drawstring Hoodie,35.9,8367649,"Clothes Type:Hoodie;Occasion:Christmas Day;Style:Casual;Fit Type:Regular;Shirt Length:Regular;Sleeve Length:Full;Material:Polyester,Spandex;Thickness:Regular;Patterns:Santa Claus;Season:Fall,Spring;Weight:0.5000kg;Package Contents:1 x Hoodie;",https://www.dresslily.com/christmas-santa-claus-print-front-product8367649.html,0
35,22.99,Christmas Cartoon Santa Claus Pattern Casual Front Pocket Hoodie,35.63,8366340,"Clothes Type:Hoodie;Occasion:Christmas Day;Style:Casual;Fit Type:Regular;Shirt Length:Regular;Sleeve Length:Full;Material:Polyester,Spandex;Thickness:Regular;Patterns:Christmas Tree,Heart,Santa Claus,Star;Season:Fall,Spring;Weight:0.4900kg;Package Contents:1 x Hoodie;",https://www.dresslily.com/christmas-cartoon-santa-claus-pattern-product8366340.html,0
42,22.99,3D Print Pharaoh Front Pocket Drawstring Hoodie,39.95,8367654,"Clothes Type:Hoodie;Occasion:Daily;Style:Fashion;Fit Type:Regular;Shirt Length:Regular;Sleeve Length:Full;Material:Polyester,Polyurethane;Fabric Stretch:Slight Stretch;Thickness:Regular;Patterns:3D Print;Season:Fall,Spring,Winter;Weight:0.5400kg;Package Contents:1 x Hoodie;",https://www.dresslily.com/3d-print-pharaoh-front-pocket-product8367654.html,0
